{
  "HTTP Request-1" : {
    "transaction" : "HTTP Request-1",
    "sampleCount" : 875,
    "errorCount" : 0,
    "errorPct" : 0.0,
    "meanResTime" : 105756.49828571423,
    "medianResTime" : 48782.0,
    "minResTime" : 180.0,
    "maxResTime" : 1200871.0,
    "pct1ResTime" : 244266.8,
    "pct2ResTime" : 374766.6,
    "pct3ResTime" : 826823.1200000001,
    "throughput" : 0.728574093070969,
    "receivedKBytesPerSec" : 214.30826105184448,
    "sentKBytesPerSec" : 0.08680277280728341
  },
  "Total" : {
    "transaction" : "Total",
    "sampleCount" : 2750,
    "errorCount" : 125,
    "errorPct" : 4.5454545,
    "meanResTime" : 631238.2832727272,
    "medianResTime" : 28768.5,
    "minResTime" : 130.0,
    "maxResTime" : 1.3258554E7,
    "pct1ResTime" : 250040.30000000008,
    "pct2ResTime" : 772553.4999999992,
    "pct3ResTime" : 1.325746849E7,
    "throughput" : 0.20737585387950452,
    "receivedKBytesPerSec" : 38.96343789488604,
    "sentKBytesPerSec" : 0.03092963729736928
  },
  "HTTP Request-0" : {
    "transaction" : "HTTP Request-0",
    "sampleCount" : 875,
    "errorCount" : 0,
    "errorPct" : 0.0,
    "meanResTime" : 7354.014857142857,
    "medianResTime" : 4579.0,
    "minResTime" : 130.0,
    "maxResTime" : 240159.0,
    "pct1ResTime" : 7258.799999999995,
    "pct2ResTime" : 28032.79999999999,
    "pct3ResTime" : 117126.6,
    "throughput" : 3.560311679856774,
    "receivedKBytesPerSec" : 3.1298159573169495,
    "sentKBytesPerSec" : 0.41027029123349545
  },
  "HTTP Request" : {
    "transaction" : "HTTP Request",
    "sampleCount" : 1000,
    "errorCount" : 125,
    "errorPct" : 12.5,
    "meanResTime" : 1636933.5799999991,
    "medianResTime" : 65441.0,
    "minResTime" : 5760.0,
    "maxResTime" : 1.3258554E7,
    "pct1ResTime" : 1.32560775E7,
    "pct2ResTime" : 1.32573579E7,
    "pct3ResTime" : 1.325752595E7,
    "throughput" : 0.07540940141072891,
    "receivedKBytesPerSec" : 19.496630825183022,
    "sentKBytesPerSec" : 0.01546481864868464
  }
}